"Date","Air_Canada_open","Air_Canada_close","Air_Canada_pert_change","Oil_open","Oil_close","Oil_pert_change","Gold_open","Gold_close","Gold_pert_change","Pton_open","Pton_close","Pton_pert_change","Loblaws_open","Loblaws_close","Loblaw_pert_change","Amazon_open","Amazon_close","Amazon_pert_change","netflix_open","netflix_close","netflix_pert_change","uber_open","uber_close","uber_pert_change"
"2020-08-13","16.82","17.08","1.55","42.62","42.48","-0.33","1944.9","1965.7","1.07","63","65.71","4.3","70.13","70.73","0.86","3182.99","3161.02","-0.69","478.4","481.33","0.61","30.52","30.46","-0.2"
"2020-08-12","16.9","16.95","0.3","41.62","42.67","2.52","1923","1934.9","0.62","65.21","64.36","-1.3","70.31","70.35","0.06","3108","3162.24","1.75","471.34","475.47","0.88","31.46","30.84","-1.97"
"2020-08-11","16.87","16.69","-1.07","41.98","41.61","-0.88","2012.4","1932.6","-3.97","65.69","64.96","-1.11","69.76","70.2","0.63","3113.2","3080.67","-1.04","479.75","466.93","-2.67","31.66","31.21","-1.42"
"2020-08-10","15.9","16.23","2.08","41.5","41.94","1.06","2026.4","2024.4","-0.1","68.48","67.12","-1.99","69.91","69.53","-0.54","3170.31","3148.16","-0.7","493.35","483.38","-2.02","33.04","32.27","-2.33"
"2020-08-07","15.91","15.73","-1.13","41.97","41.22","-1.79","2040.1","2010.1","-1.47","69.99","68.3","-2.41","69.91","69.81","-0.14","3224.01","3167.46","-1.75","505.45","494.73","-2.12","33.09","32.9","-0.57"
"2020-08-06","15.83","15.95","0.76","42.19","41.95","-0.57","2045.5","2051.5","0.29","71.73","69.72","-2.8","69.56","69.97","0.59","3194.36","3225","0.96","504.11","509.08","0.99","33.27","34.71","4.33"
"2020-08-05","15.37","15.72","2.28","41.56","42.19","1.52","2024","2031.1","0.35","69.73","71.21","2.12","69.79","69.9","0.16","3143.77","3205.03","1.95","508.68","502.11","-1.29","33.1","33.2","0.3"
"2020-08-04","15.44","15.12","-2.07","40.78","41.7","2.26","1971","2001.2","1.53","70.95","70.01","-1.32","69.85","69.77","-0.11","3101.21","3138.83","1.21","498.65","509.64","2.2","31.17","32.68","4.84"
"2020-07-30","16.17","16.09","-0.49","41.32","39.92","-3.39","1963.4","1942.3","-1.07","66.17","65.28","-1.35","69.6","70","0.57","3014","3051.88","1.26","480.71","485.8","1.06","30.65","30.24","-1.34"
"2020-07-29","16.75","16.36","-2.33","41.13","41.27","0.34","1953.2","1953.5","0.02","64.72","66.65","2.98","69.12","69.79","0.97","3030.99","3033.53","0.08","492.25","484.48","-1.58","30.92","31.02","0.32"
"2020-07-28","16.18","16.73","3.4","41.65","41.04","-1.46","1931.5","1944.7","0.68","64.3","64.11","-0.3","69","68.8","-0.29","3054.27","3000.33","-1.77","496.02","488.51","-1.51","30.79","30.81","0.06"
"2020-07-27","16.44","16.33","-0.67","41.26","41.6","0.82","1901.7","1931","1.54","62.58","63.68","1.76","68.79","69.25","0.67","3062","3055.21","-0.22","484.51","495.65","2.3","31.21","30.99","-0.7"
"2020-07-24","16.7","16.47","-1.38","41.06","41.29","0.56","1884.3","1897.3","0.69","61.56","61.82","0.42","69.53","69.13","-0.58","2930","3008.91","2.69","468.77","480.45","2.49","31.74","31.18","-1.76"
"2020-07-23","16.84","16.82","-0.12","41.95","41.07","-2.1","1868.7","1889.1","1.09","64.31","62.31","-3.11","69.23","69.46","0.33","3098.27","2986.55","-3.61","491.13","477.58","-2.76","32.33","32.17","-0.49"
"2020-07-22","16.93","16.84","-0.53","41.54","41.9","0.87","1858.1","1864.1","0.32","62.9","64.14","1.97","68.99","68.42","-0.83","3125","3099.91","-0.8","492.19","489.82","-0.48","32.44","32.66","0.68"
"2020-07-21","17.14","16.97","-0.99","40.65","41.96","3.22","1822","1842.4","1.12","64.85","62.88","-3.04","70.19","68.79","-1.99","3232.49","3138.29","-2.91","506","490.1","-3.14","34.16","32.55","-4.71"
"2020-07-20","17","16.98","-0.12","40.64","40.81","0.42","1807","1815.9","0.49","59.72","64.71","8.36","70.54","70.17","-0.52","3000.2","3196.84","6.55","489.14","502.41","2.71","32.48","33.66","3.63"
"2020-07-17","17.61","16.93","-3.86","40.72","40.59","-0.32","1798.5","1808.3","0.54","61.55","58.53","-4.91","69.54","70.35","1.16","3009","2961.97","-1.56","494.87","492.99","-0.38","32.58","32.55","-0.09"
"2020-07-16","17.56","17.48","-0.46","40.97","40.75","-0.54","1810.9","1798.7","-0.67","62.21","61.29","-1.48","69.14","69.6","0.67","2971.06","2999.9","0.97","526.48","527.39","0.17","32.05","32.35","0.94"
"2020-07-15","16.43","18.2","10.77","40.55","41.2","1.6","1806.1","1811.4","0.29","61.43","63.13","2.77","68.69","69.36","0.98","3080.23","3008.87","-2.32","516.3","523.26","1.35","32.1","32.81","2.21"
"2020-07-14","16.16","15.99","-1.05","39.6","40.29","1.74","1791","1810.6","1.09","62.58","62.95","0.59","67.87","68.42","0.81","3089","3084","-0.16","517.08","524.88","1.51","31.35","30.93","-1.34"
"2020-07-13","16.31","16.36","0.31","40.35","40.1","-0.62","1805","1811","0.33","69.25","61.58","-11.08","67.42","68.1","1.01","3251.06","3104","-4.52","567.98","525.5","-7.48","33.21","31.72","-4.49"
"2020-07-10","16.11","16.17","0.37","39.58","40.55","2.45","1805.5","1798.2","-0.4","64.82","68.47","5.63","66.96","67.43","0.7","3191.76","3200","0.26","519.73","548.73","5.58","33.14","33.14","0"
"2020-07-09","16.52","16.2","-1.94","40.87","39.62","-3.06","1816.1","1799.2","-0.93","63.88","64.49","0.95","66.81","66.86","0.07","3115.99","3182.63","2.14","508.4","507.76","-0.13","34.24","33.15","-3.18"
"2020-07-08","16.09","16.57","2.98","40.48","40.9","1.04","1801.5","1815.5","0.78","61.04","62.52","2.42","67.25","66.89","-0.54","3022.61","3081.11","1.94","498.58","502.78","0.84","33.21","33.93","2.17"
"2020-07-07","16.71","16.21","-2.99","40.68","40.62","-0.15","1789.3","1804.2","0.83","61","60.82","-0.3","67.22","67.31","0.13","3058.55","3000.12","-1.91","497.31","493.16","-0.83","32.46","32.82","1.11"
"2020-07-06","17.4","16.92","-2.76","40.38","40.63","0.62","1788.2","1788.5","0.02","59.25","60.48","2.08","66.88","67.49","0.91","2934.97","3057.04","4.16","480.77","493.81","2.71","33.1","32.52","-1.75"
"2020-07-02","17.26","17.13","-0.75","39.78","40.65","2.19","1773.4","1784","0.6","60.85","59.16","-2.78","66.62","66.59","-0.05","2912.01","2890.3","-0.75","485.64","476.89","-1.8","31.02","30.68","-1.1"
"2020-06-29","16.84","17.48","3.8","37.96","39.7","4.58","1779.8","1774.8","-0.28","58.05","57.21","-1.45","65.49","67.2","2.61","2690.01","2680.38","-0.36","445.23","447.24","0.45","29.51","29.63","0.41"
"2020-06-26","17.08","16.7","-2.22","39.09","38.49","-1.53","1766","1772.5","0.37","58.5","58.43","-0.12","66.64","65.34","-1.95","2775.06","2692.87","-2.96","466.39","443.4","-4.93","30.44","29.61","-2.73"
"2020-06-25","16.97","17.1","0.77","38.05","38.72","1.76","1761.7","1762.1","0.02","56.39","58.06","2.96","66.15","66.63","0.73","2739.55","2754.58","0.55","458.86","465.91","1.54","30","30.58","1.93"
"2020-06-24","17.77","17.19","-3.26","39.99","38.01","-4.95","1778.3","1765.8","-0.7","55.98","55.55","-0.77","65.16","66.13","1.49","2780","2734.4","-1.64","468.54","457.85","-2.28","32.75","30.46","-6.99"
"2020-06-23","18.7","18","-3.74","40.68","40.37","-0.76","1755.4","1772.1","0.95","54.49","54.88","0.72","66.75","65.21","-2.31","2726.02","2764.41","1.41","466.5","466.26","-0.05","32.88","33.05","0.52"
"2020-06-22","18.14","18.54","2.21","39.18","40.46","3.27","1755.2","1756.7","0.09","52","53.03","1.98","67.13","66.54","-0.88","2684.5","2713.82","1.09","455.01","468.04","2.86","32.43","32.68","0.77"
"2020-06-19","19.15","18.4","-3.92","38.85","39.75","2.32","1723.7","1745.9","1.29","51.13","50.89","-0.47","66.7","67.15","0.67","2678.08","2675.01","-0.11","449.12","453.72","1.02","33.98","32.3","-4.94"
"2020-06-18","18.5","18.81","1.68","37.74","38.84","2.91","1730.5","1724.8","-0.33","49.72","51.08","2.74","66.12","66.27","0.23","2647.01","2653.98","0.26","448.73","449.87","0.25","33","33.4","1.21"
"2020-06-17","19","18.75","-1.32","37.93","37.96","0.08","1714.7","1729.2","0.85","50.12","49.17","-1.9","66.88","65.92","-1.44","2647.5","2640.98","-0.25","441.82","447.77","1.35","33.5","33.29","-0.63"
"2020-06-16","19.79","19.23","-2.83","37.05","38.38","3.59","1726.3","1729.6","0.19","48.45","49.91","3.01","67.06","66.67","-0.58","2620","2615.27","-0.18","425.76","436.13","2.44","34","33.49","-1.5"
"2020-06-15","18.39","18.54","0.82","36.03","37.12","3.03","1730","1720.3","-0.56","48.27","49.94","3.46","65.95","66.18","0.35","2526.6","2572.68","1.82","421.4","425.5","0.97","31.16","32.67","4.85"
"2020-06-12","19.35","19.4","0.26","36.26","36.26","0","1724.9","1729.3","0.26","47.08","47.1","0.04","66.24","66.44","0.3","2601.21","2545.02","-2.16","429","418.07","-2.55","32.73","32.24","-1.5"
"2020-06-11","17.5","17.85","2","39.09","36.34","-7.04","1737.2","1732","-0.3","45.93","45.98","0.11","66.42","65.51","-1.37","2603.5","2557.96","-1.75","428.2","425.56","-0.62","32.63","31.1","-4.69"
"2020-06-10","20.5","19.51","-4.83","38.5","39.6","2.86","1716.1","1713.3","-0.16","48.2","47.11","-2.26","66.08","66.8","1.09","2645","2647.45","0.09","436","434.48","-0.35","36.69","34.83","-5.07"
"2020-06-09","22.25","21.01","-5.57","38.22","38.94","1.88","1694.6","1714.7","1.19","45.37","47.64","5","66.27","65.99","-0.42","2529.44","2600.86","2.82","421.65","434.05","2.94","36.7","36.59","-0.3"
"2020-06-08","21.9","23.39","6.8","39.41","38.19","-3.1","1679.1","1698.3","1.14","45.2","44.78","-0.93","67.47","66.31","-1.72","2500.2","2524.06","0.95","416","419.49","0.84","37.87","37.08","-2.09"
"2020-06-05","21.94","20.29","-7.52","37.33","39.55","5.95","1711.8","1676.2","-2.08","45.12","45.9","1.73","67.98","67.46","-0.76","2444.51","2483","1.57","407.29","419.6","3.02","37.53","37.21","-0.85"
"2020-06-04","19.07","19.42","1.84","36.76","37.41","1.77","1694.5","1718.9","1.44","47.4","47.88","1.01","67.81","67.09","-1.06","2477.43","2460.6","-0.68","422.39","414.33","-1.91","36.42","36.43","0.03"
"2020-06-03","17.03","18.37","7.87","36.86","37.29","1.17","1726.3","1697.8","-1.65","48.21","47.83","-0.79","68","67.96","-0.06","2468.01","2478.4","0.42","426.95","421.97","-1.17","36.2","36.75","1.52"
"2020-06-02","16.7","16.69","-0.06","35.56","36.81","3.52","1743","1725.2","-1.02","45.8","49.01","7.01","67.2","67.58","0.57","2467","2472.41","0.22","425.87","427.31","0.34","36.16","35.81","-0.97"
"2020-06-01","15.99","16.41","2.63","35.21","35.44","0.65","1740.4","1737.8","-0.15","42.1","45.85","8.91","68.19","67","-1.75","2448","2471.04","0.94","418.83","425.92","1.69","35.64","35.82","0.51"
"2020-05-29","15.88","15.9","0.13","33.68","35.49","5.37","1718.8","1736.9","1.05","43.04","42.19","-1.97","68.09","68.16","0.1","2415.94","2442.37","1.09","417.46","419.73","0.54","34.18","36.32","6.26"
"2020-05-28","16.7","16","-4.19","32.1","33.71","5.02","1709.3","1713.3","0.23","40.85","42.61","4.31","66.69","68.2","2.26","2384.33","2401.1","0.7","417.24","413.44","-0.91","34.9","34.15","-2.15"
"2020-05-27","17.75","16.44","-7.38","34.14","32.81","-3.9","1685.6","1710.3","1.47","41","41.07","0.17","67.2","66.74","-0.68","2404.99","2410.39","0.22","410.38","419.89","2.32","34.42","34.88","1.34"
"2020-05-26","17.19","17.67","2.79","33.3","34.35","3.15","1726.4","1704.8","-1.25","44.74","41.7","-6.79","67.44","66.93","-0.76","2458","2421.86","-1.47","427.77","414.77","-3.04","35.97","34.56","-3.92"
"2020-05-22","16.95","16.71","-1.42","33.95","33.25","-2.06","1726.6","1734.6","0.46","45.14","45.81","1.48","67.05","66.4","-0.97","2455.01","2436.88","-0.74","437","429.32","-1.76","34.15","34.83","1.99"
"2020-05-21","16.81","16.98","1.01","33.53","33.92","1.16","1746.8","1720.5","-1.51","44.98","45.3","0.71","67.6","66.84","-1.12","2500","2446.74","-2.13","448.56","436.25","-2.74","34.45","34.26","-0.55"
"2020-05-20","17.14","17.01","-0.76","31.89","33.49","5.02","1751.6","1750.6","-0.06","44.85","45.11","0.58","69.19","67.5","-2.44","2477.87","2497.94","0.81","454.25","447.67","-1.45","34.12","34.48","1.06"
"2020-05-19","16","16.73","4.56","32.83","32.5","-1.01","1744.2","1744.2","0","45.08","44.8","-0.62","68.49","68.7","0.31","2429.83","2449.33","0.8","453.4","451.04","-0.52","33.68","33.4","-0.83"
"2020-05-15","15.08","14.62","-3.05","27.64","29.43","6.48","1739.7","1753.4","0.79","45.25","48.42","7.01","67.79","67.38","-0.6","2368.52","2409.78","1.74","440.7","454.19","3.06","32.26","32.47","0.65"
"2020-05-14","13.58","15.22","12.08","25.56","27.56","7.82","1724.3","1738.1","0.8","45.39","45.11","-0.62","67.68","68.14","0.68","2361.01","2388.85","1.18","444.9","441.95","-0.66","32.53","32.79","0.8"
"2020-05-13","15.15","14.1","-6.93","25.3","25.29","-0.04","1702","1713.9","0.7","46.69","45.17","-3.26","69.99","68.05","-2.77","2366.8","2367.92","0.05","435.69","438.27","0.59","32.3","33.02","2.23"
"2020-05-12","16.37","15.32","-6.41","24.49","25.78","5.27","1699.3","1704.4","0.3","44.32","46.17","4.17","71.55","70.1","-2.03","2411.85","2356.95","-2.28","442","431.82","-2.3","31.42","32.4","3.12"
"2020-05-11","16.86","16.3","-3.32","24.49","24.14","-1.43","1702.3","1695.3","-0.41","42.51","42.8","0.68","69.29","71.69","3.46","2374.7","2409","1.44","436.33","440.52","0.96","31.98","31.64","-1.06"
"2020-05-08","16.76","17.05","1.73","23.35","24.74","5.95","1726.2","1709.9","-0.94","42.11","43","2.11","67.7","69.26","2.3","2372.14","2379.61","0.31","434.14","435.55","0.32","32.59","32.79","0.61"
"2020-05-07","16.81","16.53","-1.67","24.09","23.55","-2.24","1686.2","1721.8","2.11","45.69","44.12","-3.44","68.51","67.41","-1.61","2374.78","2367.61","-0.3","436.89","436.53","-0.08","29.6","30.93","4.49"
"2020-05-06","17.01","16.68","-1.94","25.52","23.99","-6","1704","1684.2","-1.16","36.83","38.03","3.26","69.25","68.59","-0.95","2329.44","2351.26","0.94","429.3","434.26","1.16","27.5","27.82","1.16"
"2020-05-05","18.51","17.01","-8.1","21.24","24.56","15.63","1701.5","1704.4","0.17","34.96","36.22","3.6","67.77","68.84","1.58","2340","2317.8","-0.95","427.56","424.68","-0.67","28.25","28.07","-0.64"
"2020-05-04","17.17","17.63","2.68","19.11","20.39","6.7","1702.6","1706.9","0.25","32.36","33.9","4.76","68.33","67.77","-0.82","2256.38","2315.99","2.64","417.78","428.15","2.48","27.56","27.42","-0.51"
"2020-05-01","19.5","19.3","-1.03","19.04","19.78","3.89","1686.6","1694.5","0.47","31.03","32.05","3.29","68.03","68.08","0.07","2336.8","2286.04","-2.17","415.1","415.27","0.04","29.13","28.39","-2.54"
"2020-04-29","21.63","21.65","0.09","13.35","15.06","12.81","1710","1703.4","-0.39","29.67","31.89","7.48","74","70.55","-4.66","2330.01","2372.71","1.83","399.53","411.89","3.09","31","31.37","1.19"
"2020-04-28","19.25","20.6","7.01","12.96","12.34","-4.78","1716.6","1710.5","-0.36","31.94","30","-6.07","75.14","73.37","-2.36","2372.1","2314.08","-2.45","419.99","403.83","-3.85","31","30.12","-2.84"
"2020-04-27","18.5","18.8","1.62","16.84","12.78","-24.11","1731.9","1711.9","-1.15","32.44","31.78","-2.03","75.25","75","-0.33","2443.2","2376","-2.75","425","421.38","-0.85","29.74","30.08","1.14"
"2020-04-24","18.25","18.24","-0.05","16.78","16.94","0.95","1744","1723.5","-1.18","30.25","31.74","4.93","74.31","74.5","0.26","2417","2410.22","-0.28","425","424.99","0","28.51","29.49","3.44"
"2020-04-23","18","18.19","1.06","14.2","16.5","16.2","1734","1733.3","-0.04","31.16","29.89","-4.08","74.47","74.32","-0.2","2399.98","2399.45","-0.02","419.26","426.7","1.77","28.75","28.33","-1.46"
"2020-04-22","18.26","17.96","-1.64","13.12","13.78","5.03","1696","1728.7","1.93","31.8","31.18","-1.95","72.97","74.95","2.71","2369","2363.49","-0.23","429.73","421.42","-1.93","27.97","28.24","0.97"
"2020-04-21","17.5","17.75","1.43","-14","10.01","-171.5","1697","1678.2","-1.11","31.27","31.39","0.38","73.82","72.89","-1.26","2416.61","2328.12","-3.66","444.77","433.83","-2.46","27.5","27.19","-1.13"
"2020-04-20","17.7","18.12","2.37","17.73","-37.63","-312.24","1686","1701.6","0.93","31.86","31.07","-2.48","73.3","74.72","1.94","2389.95","2393.61","0.15","435.17","437.49","0.53","27.07","28.19","4.14"
"2020-04-17","18","18.15","0.83","20","18.27","-8.65","1715.7","1689.2","-1.54","33.9","33.49","-1.21","74.6","73.93","-0.9","2372.33","2375","0.11","431","422.96","-1.87","28.69","28","-2.41"
"2020-04-16","18.79","17.1","-8.99","20.15","19.87","-1.39","1731","1720.4","-0.61","34.5","36.35","5.36","73.7","73.47","-0.31","2346","2408.19","2.65","437","439.17","0.5","27.21","27.03","-0.66"
"2020-04-15","19","18.66","-1.79","20.72","19.87","-4.1","1739.4","1727.2","-0.7","32.13","35.61","10.83","73.21","72.83","-0.52","2257.68","2307.68","2.21","413","426.75","3.33","26.82","27.41","2.2"
"2020-04-14","19.99","19.43","-2.8","22.36","20.11","-10.06","1756.8","1756.7","-0.01","32.33","31.88","-1.39","72.96","73.17","0.29","2200.47","2283.32","3.77","397.5","413.55","4.04","28","27.75","-0.89"
"2020-04-13","20.5","19.31","-5.8","24.6","22.41","-8.9","1722","1744.8","1.32","28.53","31.99","12.13","71.81","72.59","1.09","2040","2168.87","6.32","371.31","396.72","6.84","27.04","27.99","3.51"
"2020-04-09","20","20.08","0.4","26.28","22.76","-13.39","1662.7","1736.2","4.42","27.62","28.45","3.01","74.85","71.97","-3.85","2044.3","2042.76","-0.08","371.06","370.72","-0.09","27.88","27.11","-2.76"
"2020-04-08","17.25","18.74","8.64","24.3","25.09","3.25","1669.7","1665.4","-0.26","27.3","27.5","0.73","75.79","74.69","-1.45","2021","2043","1.09","374.01","371.12","-0.77","26","26.94","3.62"
"2020-04-07","16.69","16.57","-0.72","26.34","23.63","-10.29","1695.7","1664.8","-1.82","28.8","27.58","-4.24","75.57","75.22","-0.46","2017.11","2011.6","-0.27","380","372.28","-2.03","27.95","25.74","-7.91"
"2020-04-06","15.24","15.16","-0.52","26.09","26.08","-0.04","1629.1","1677","2.94","29.19","28.37","-2.81","74","75.44","1.95","1936","1997.59","3.18","365.22","379.96","4.04","24.13","25.99","7.71"
"2020-04-03","14.94","14.55","-2.61","24.81","28.34","14.23","1624.5","1633.7","0.57","27.07","28.75","6.21","71.17","72.48","1.84","1911.15","1906.59","-0.24","367.47","361.76","-1.55","23.73","22.82","-3.83"
"2020-04-02","14.51","14.72","1.45","21.22","25.32","19.32","1590.9","1625.7","2.19","28.05","26.74","-4.67","71.32","71.01","-0.43","1901.64","1918.83","0.9","364.08","370.08","1.65","25.01","23.68","-5.32"
"2020-04-01","15.3","14.46","-5.49","20.1","20.31","1.04","1570","1578.2","0.52","26.44","27.96","5.75","71.07","71.97","1.27","1932.97","1907.7","-1.31","376.05","364.08","-3.18","26.5","25.42","-4.08"
"2020-03-30","16.01","16.08","0.44","20.93","20.09","-4.01","1641.2","1622","-1.17","26.8","27.7","3.36","68","69.14","1.68","1922.83","1963.95","2.14","363","370.96","2.19","26.33","27.83","5.7"
"2020-03-27","17.4","16.75","-3.74","23.29","21.51","-7.64","1623.9","1623.9","0","25.6","25.98","1.48","67.87","67.22","-0.96","1930.86","1900.1","-1.59","359.09","357.12","-0.55","25.82","27.28","5.65"
"2020-03-26","18.21","17.91","-1.65","24.25","22.6","-6.8","1660.5","1650.1","-0.63","24.56","25.75","4.85","67.76","68.6","1.24","1902","1955.49","2.81","344","362.99","5.52","26.6","28.12","5.71"
"2020-03-25","17.35","17.51","0.92","24.37","24.49","0.49","1676.5","1632.3","-2.64","24.57","24.52","-0.2","63.58","67.21","5.71","1920.69","1885.84","-1.81","361.02","342.39","-5.16","26.18","26.19","0.04"
"2020-03-24","15.12","15.11","-0.07","23.87","24.01","0.59","1592.7","1660.2","4.24","24.21","24.57","1.49","61.79","63.64","2.99","1951.5","1940.1","-0.58","369.99","357.32","-3.42","24.41","26.39","8.11"
"2020-03-23","13.06","12.7","-2.76","22.52","23.36","3.73","1505.3","1567","4.1","23.41","23.34","-0.3","66.72","59.7","-10.52","1827.75","1902.83","4.11","347.89","360.27","3.56","21.07","22.4","6.31"
"2020-03-20","13.66","12.41","-9.15","24.73","22.43","-9.3","1483.5","1484","0.03","25","23.01","-7.96","67.27","66.75","-0.77","1926.31","1846.09","-4.16","342.31","332.83","-2.77","22.53","21.33","-5.33"
"2020-03-19","13.29","12.15","-8.58","22.3","25.22","13.09","1481.5","1478.6","-0.2","26","24.99","-3.88","67.55","66.8","-1.11","1860","1880.93","1.13","324.33","332.03","2.37","15.96","20.49","28.38"
"2020-03-18","15","12.9","-14","26.94","20.37","-24.39","1537.5","1477.3","-3.92","24.5","25.79","5.27","69","67.29","-2.48","1750","1830","4.57","302.4","315.47","4.32","17.76","14.82","-16.55"
"2020-03-17","19","16.09","-15.32","28.69","26.95","-6.06","1469.3","1524.9","3.78","24.22","25.45","5.08","66.86","69.75","4.32","1775.47","1807.84","1.82","306.19","319.75","4.43","20.18","18.91","-6.29"
"2020-03-16","22.84","18.23","-20.18","33.75","28.7","-14.96","1569.1","1485.9","-5.3","18.64","22.25","19.37","60.01","64.6","7.65","1641.51","1689.15","2.9","306.63","298.84","-2.54","20.15","20.29","0.69"
"2020-03-13","25.82","25.37","-1.74","30.77","31.73","3.12","1574.9","1515.7","-3.76","20.52","19.72","-3.9","61.2","66.49","8.64","1755","1785","1.71","330.51","336.3","1.75","24.01","22.6","-5.87"
"2020-03-12","23.25","24.9","7.1","33.07","31.5","-4.75","1637","1589.3","-2.91","20.74","19.51","-5.93","65.18","59.47","-8.76","1721.98","1676.61","-2.63","326.5","315.25","-3.45","23.26","22.61","-2.79"
"2020-03-11","30.4","27.4","-9.87","34.62","32.98","-4.74","1656.6","1641.4","-0.92","22.5","22","-2.22","67.62","66.64","-1.45","1857.85","1820.86","-1.99","358.92","349.92","-2.51","27.91","26.24","-5.98"
"2020-03-10","31","31.22","0.71","30.37","34.36","13.14","1671.6","1659.1","-0.75","24.1","22.97","-4.69","68.5","67.97","-0.77","1870.88","1891.82","1.12","356.43","364.13","2.16","29.47","28.97","-1.7"
"2020-03-09","29.76","30.31","1.85","32.87","31.13","-5.29","1696.1","1674.5","-1.27","23","23.21","0.91","67.5","67.11","-0.58","1773.86","1800.61","1.51","343.86","346.49","0.76","28.5","28.17","-1.16"
"2020-03-06","30.98","33.16","7.04","46.09","41.28","-10.44","1670.8","1670.8","0","25.95","24.98","-3.74","71.24","72.35","1.56","1875","1901.09","1.39","367.7","368.97","0.35","31.23","31.68","1.44"
"2020-03-05","33.92","32.16","-5.19","47.13","45.9","-2.61","1637.3","1666.4","1.78","26.51","27.1","2.23","71.13","71.87","1.04","1933","1924.03","-0.46","381","372.78","-2.16","33.47","32.21","-3.76"
"2020-03-04","35.66","35.07","-1.65","46.94","46.78","-0.34","1645.4","1641.1","-0.26","27.01","27.25","0.89","69.81","71.58","2.54","1946.57","1975.83","1.5","377.77","383.79","1.59","33.93","34.53","1.77"
"2020-03-03","35.7","34.94","-2.13","47.72","47.18","-1.13","1594.5","1642.1","2.99","27.34","26.68","-2.41","67.41","69.15","2.58","1975.37","1908.99","-3.36","381.03","368.77","-3.22","34.02","33.04","-2.88"
"2020-03-02","34.4","34.57","0.49","43.7","46.75","6.98","1583.9","1592.3","0.53","27.2","27.92","2.65","66.86","67.36","0.75","1906.49","1953.95","2.49","373.11","381.05","2.13","34.05","32.85","-3.52"
"2020-02-28","33.26","34.25","2.98","46.49","44.76","-3.72","1640.3","1564.1","-4.65","28","26.69","-4.68","68.88","66.5","-3.46","1814.63","1883.75","3.81","364.21","369.03","1.32","31.81","33.87","6.48"
"2020-02-27","32","35.45","10.78","48.63","47.09","-3.17","1641.1","1640","-0.07","28.9","28.72","-0.62","69.45","69.35","-0.14","1934.38","1884.3","-2.59","371.46","371.71","0.07","32.03","32.45","1.31"
"2020-02-26","36.88","34.92","-5.31","50.08","48.73","-2.7","1644","1640","-0.24","27.95","29.19","4.44","69.01","69.68","0.97","1970.28","1979.59","0.47","366.31","379.24","3.53","35.53","34.45","-3.04"
"2020-02-25","40.25","37.39","-7.11","51.37","49.9","-2.86","1645.1","1646.9","0.11","26.65","27.11","1.73","69.61","69.76","0.22","2026.42","1972.74","-2.65","372","360.09","-3.2","38.9","35.89","-7.74"
"2020-02-24","38.42","40.07","4.29","52.6","51.43","-2.22","1657","1672.4","0.93","24.7","26.5","7.29","69.16","70","1.21","2003.18","2009.29","0.31","364.76","368.7","1.08","38.21","38.31","0.26"
"2020-02-21","44.2","42.18","-4.57","53.74","53.38","-0.67","1619.3","1644.6","1.56","26.81","25.49","-4.92","69.82","70.15","0.47","2142.15","2095.97","-2.16","385.33","380.07","-1.37","40.89","40.72","-0.42"
"2020-02-20","45.06","44.45","-1.35","53.5","53.78","0.52","1606.5","1616.6","0.63","27.1","26.98","-0.44","69.98","69.92","-0.09","2173.07","2153.1","-0.92","386.56","386","-0.14","41","40.92","-0.2"
"2020-02-19","45.3","45.31","0.02","52.12","53.29","2.24","1600.6","1607.5","0.43","27.3","27.1","-0.73","71.16","71.09","-0.1","2167.8","2170.22","0.11","388.12","386.19","-0.5","40.42","41.05","1.56"
"2020-02-18","44.42","45","1.31","52.23","52.05","-0.34","1579.8","1600","1.28","27.5","27.08","-1.53","71","71.08","0.11","2125.02","2155.67","1.44","379.3","387.78","2.24","39.49","40.18","1.75"
"2020-02-14","47","46.22","-1.66","51.51","52.05","1.05","1575.8","1582.7","0.44","28.89","27.66","-4.26","70.77","71.09","0.45","2155.68","2134.87","-0.97","381.47","380.4","-0.28","40.02","39.66","-0.9"
"2020-02-13","46.76","47.05","0.62","51.72","51.42","-0.58","1570.2","1575.1","0.31","28.2","28.85","2.3","70.47","70.84","0.53","2144.99","2149.87","0.23","376.96","381.4","1.18","40.93","40.09","-2.05"
"2020-02-12","46.7","47.07","0.79","49.96","51.17","2.42","1565.2","1567.4","0.14","28.84","28.34","-1.73","70.62","70.61","-0.01","2163.2","2160","-0.15","377.18","380.01","0.75","41.5","41.25","-0.6"
"2020-02-11","45.33","46.58","2.76","49.61","49.94","0.67","1570.9","1565.6","-0.34","28.75","28.65","-0.35","71.01","70.74","-0.38","2150.9","2150.8","0","373.75","373.69","-0.02","40.25","41.27","2.53"
"2020-02-10","45.24","45.08","-0.35","50.12","49.57","-1.1","1569.3","1574.7","0.34","27.83","28.6","2.77","70.39","70.95","0.8","2085.01","2133.91","2.35","365","371.07","1.66","40.65","40.01","-1.57"
"2020-02-07","46.25","45.46","-1.71","51.11","50.32","-1.55","1564.9","1568.6","0.24","28.59","27.86","-2.55","70.63","70.4","-0.33","2041.99","2079.28","1.83","365.04","366.77","0.47","39.98","40.63","1.63"
"2020-02-06","47","46.35","-1.38","51.17","50.95","-0.43","1553.6","1565.1","0.74","29.94","29","-3.14","69.8","70.59","1.13","2041.02","2050.23","0.45","369.6","366.95","-0.72","37.3","37.09","-0.56"
"2020-02-05","47.25","46.7","-1.16","49.51","50.75","2.5","1553.2","1557.8","0.3","34.04","32.7","-3.94","69.69","69.82","0.19","2071.02","2039.87","-1.5","375.13","369.67","-1.46","38.89","36.81","-5.35"
"2020-02-04","45.59","46.51","2.02","49.94","49.61","-0.66","1577.7","1550.4","-1.73","33.91","33.47","-1.3","69.53","69.54","0.01","2029.88","2049.67","0.97","361","369.01","2.22","37.87","38.53","1.74"
"2020-02-03","44.37","44.78","0.92","51.01","50.11","-1.76","1592.9","1577.2","-0.99","32.87","33.37","1.52","69.47","69.19","-0.4","2010.6","2004.2","-0.32","347.24","358","3.1","36.75","37.59","2.29"
"2020-01-30","45.1","44.93","-0.38","53.09","52.14","-1.79","1576.8","1583.5","0.42","31.25","32.26","3.23","69.3","69.74","0.63","1858","1870.68","0.68","341.1","347.74","1.95","36.82","36.68","-0.38"
"2020-01-29","45.28","45.6","0.71","53.97","53.33","-1.19","1569.8","1569.8","0","32.36","31.5","-2.66","69.32","69.49","0.25","1864","1858","-0.32","349","343.16","-1.67","36.98","36.99","0.03"
"2020-01-28","45.12","45.1","-0.04","52.77","53.48","1.35","1576.4","1569.2","-0.46","31.56","31.38","-0.57","69.63","69.26","-0.53","1840.5","1853.25","0.69","345.88","348.52","0.76","37.14","37.01","-0.35"
"2020-01-27","43.41","44.74","3.06","53.7","53.14","-1.04","1584.3","1576.8","-0.47","29.67","31.25","5.33","68.47","69.67","1.75","1820","1828.34","0.46","345.95","342.88","-0.89","35.23","36.3","3.04"
"2020-01-24","48.45","47.18","-2.62","55.69","54.19","-2.69","1556.3","1571.1","0.95","30.08","30.5","1.4","69.12","68.93","-0.27","1891.37","1861.64","-1.57","348.46","353.16","1.35","37.5","36.8","-1.87"
"2020-01-23","48.46","48.42","-0.08","56.11","55.59","-0.93","1553.1","1564.6","0.74","30.69","30.06","-2.05","69.05","68.95","-0.14","1885.11","1884.58","-0.03","326.04","349.6","7.23","36.97","37.4","1.16"
"2020-01-22","49.3","48.68","-1.26","58.26","56.74","-2.61","1549.8","1555.3","0.35","32.32","30.68","-5.07","68.6","69.09","0.71","1896.09","1887.46","-0.46","332.55","326","-1.97","37.94","37.04","-2.37"
"2020-01-21","50.5","48.84","-3.29","59.17","58.34","-1.4","1559.3","1556.4","-0.19","31.69","32","0.98","68.6","68.79","0.28","1865","1892","1.45","340","338.11","-0.56","35.5","37.6","5.92"
"2020-01-17","50.48","51.08","1.19","58.59","58.54","-0.09","1554.1","1558.8","0.3","31","31.7","2.26","68.12","68.38","0.38","1885.89","1864.72","-1.12","341","339.67","-0.39","34.97","35.13","0.46"
"2020-01-16","51.7","51.79","0.17","58.1","58.52","0.72","1555.7","1549","-0.43","31.1","30.83","-0.87","67.39","68.05","0.98","1882.99","1877.94","-0.27","343.5","338.62","-1.42","35.03","34.68","-1"
"2020-01-15","51.93","51.54","-0.75","58.2","57.81","-0.67","1548","1552.1","0.26","30.96","30.86","-0.32","67.06","67.32","0.39","1872.25","1862.02","-0.55","338.68","339.07","0.12","34.9","35.01","0.32"
"2020-01-14","52.03","52.01","-0.04","58.03","58.23","0.34","1546.7","1542.4","-0.28","28.8","29.69","3.09","66.71","66.97","0.39","1885.88","1869.44","-0.87","344.4","338.69","-1.66","34.2","34.84","1.87"
"2020-01-13","50.85","52.09","2.44","59.04","58.08","-1.63","1557.4","1548.4","-0.58","28.3","28.53","0.81","67.88","66.99","-1.31","1891.31","1891.3","0","331.8","338.92","2.15","34.29","34.14","-0.44"
"2020-01-10","49.59","50.9","2.64","59.61","59.04","-0.96","1551.2","1557.5","0.41","27.85","28.01","0.57","67.98","67.85","-0.19","1905.37","1883.16","-1.17","337.13","329.05","-2.4","34.08","34.01","-0.21"
"2020-01-09","49.12","49.6","0.98","59.99","59.56","-0.72","1555.7","1551.7","-0.26","29.38","27.87","-5.14","67.76","67.89","0.19","1909.89","1901.05","-0.46","342","335.66","-1.85","34.45","33.97","-1.39"
"2020-01-08","47.75","49.04","2.7","62.84","59.61","-5.14","1579.7","1557.4","-1.41","30.07","29.65","-1.4","67.22","67.57","0.52","1898.04","1891.97","-0.32","331.49","339.26","2.34","32.73","33.93","3.67"
"2020-01-07","47.3","48.24","1.99","62.91","62.7","-0.33","1558.3","1571.8","0.87","29.44","30.4","3.26","66.77","67.22","0.67","1904.5","1906.86","0.12","336.47","330.75","-1.7","31.79","32.81","3.21"
"2020-01-06","47.61","47.3","-0.65","63.71","63.27","-0.69","1580","1566.2","-0.87","30.61","29.75","-2.81","66.97","66.71","-0.39","1860","1902.88","2.31","323.12","335.83","3.93","31.01","31.58","1.84"
"2020-01-03","48.98","48.31","-1.37","61.18","63.05","3.06","1530.1","1549.2","1.25","29.49","30.6","3.76","66.47","67.01","0.81","1864.5","1874.97","0.56","326.78","325.9","-0.27","30.62","31.37","2.45"
"2020-01-02","48.72","50","2.63","61.6","61.18","-0.68","1518.1","1524.5","0.42","28.9","29.74","2.91","67.01","66.75","-0.39","1875","1898.01","1.23","326.1","329.81","1.14","29.94","30.99","3.51"
